Sentence_ID,Text ID,Line,Speaker,Raw,PS,MS,English,Type
1,ALCA_H11_037,10,B,¿qué has hecho hoy? / cuéntame <silencio/> currar y pasar mucho calor,¿Qué has hecho hoy? Cuéntame - Currar y pasar mucho calor,¿Qué hiciste hoy? Cuéntame - Chambear y pasar mucho calor,What did you do today? Tell me - I worked and It was very hot,Both
2,ALCA_H11_037,11,I,he cambiado / porque la otra vez / la niña estaba en el colegio ahora ya no,"He cambiado, porque la niña estaba en el colegio, pero ya no","Cambié, porque la niña estaba en la escuela, pero ya no","I changed, because the girl was in school, but not anymore",Both
3,ALCA_H11_037,12,I,hoy me ha tocado / irme con el coche a un pueblo a repartir alguna cosilla y tal,Hoy me ha tocado irme con el coche a un pueblo a repartir algunas cosillas y tal,Hoy me tocó irme con el carro a un pueblo a repartir algunas cositas,Today I had to go to a town by car to deliver a few things and stuff,Both
4,ALCA_H11_037,14,I,normalmente si estoy solo si tengo jaleo pues no salgo del  del trabajo,"Normalmente, si estoy solo o si tengo jaleo, pues no salgo del trabajo","Normalmente, si estoy solo o si hay alboroto, pues no salgo del trabajo","Usually, if I'm alone or if there's a commotion, I don't leave work",Lexical
5,ALCA_H11_037,16,I,le vamos a coger el gustillo,Le vamos a coger el gustillo,Le vamos a agarrar el gustito,We're going to take a liking to it,Lexical
6,ALCA_H11_037,20,E,¿y qué hacéis para combatir el calor? ,¿Y qué hacéis vosotros para combatir el calor?,¿Y qué hacen ustedes para combatir el calor?,And what do you (plural) do to fight the heat?,Grammatical
7,ALCA_H11_037,34,B,¿y qué  qué cambios así más importantes / recuerdas tú en la ciudad? // desde que tú eras pequeño a  a ahora / ¿qué es lo que más? - 34 I: pues // realmente pues eso el mogollón de gente,"¿Y qué cambios más importantes recuerdas tú en la ciudad, desde que eras pequeño a ahora? - Pues el mogollón de gente","¿Y qué cambios más importantes recuerdas tú en la ciudad, desde que eras chico a ahora? - Pues el montón de gente","And what are the most important changes you remember in the city, from when you were little until now? Well, there's a whole lot of people",Lexical
8,ALCA_H11_037,50,I, en el descanso a comer el bocata o pipas o lo que  / lo que fuera,"En el descanso, ibas a comer el bocata, o pipas, o lo que fuera","En el descanso, ibas a comer la torta, o semillitas, o lo que fuera","During the break, you'd eat your sandwitch or sunflower seeds or whatever ",Lexical
9,ALCA_H11_037,61,I,hacer los líos con tus amiguetes,Hacer líos con tus amiguetes,Hacer desmadre con tus compas,Make trouble with your pals,Lexical
10,ALCA_H11_037,62,I,no hemos tenido jaleos con los del pueblo,No hemos tenido jaleos con los del pueblo,No hemos tenido bronca con los del pueblo,We didn't have any trouble with the people from the town,Lexical
11,ALCA_H11_037,65,E,¿y cómo la bajasteis?,¿Y cómo la bajasteis vosotros?,¿Y cómo la bajaron ustedes?,And how did you (plural) get it down?,Grammatical
12,ALCA_H11_037,68,I,cuando terminaba el colegio a las seis estabas en la calle habías hecho los deberes o lo que fuera,"Cuando terminaba el colegio a las seis, estabas en la calle y habías hecho los deberes ","Cuando terminaba la escuela a las seis, estabas en la calle y habías hecho la tarea","When school was over at six, you were on the street and you had finished your homework",Lexical
13,ALCA_H11_037,71,,¿qué sería bueno que hicie  se hiciese?,¿Qué sería bueno que se hiciese?,¿Qué sería bueno que se hiciera?,What would be a good thing to do?,nan
14,ALCA_H11_037,"(78,80)",B,¿qué  y qué salís / casi siempre 78 I:  sí  79 E:  con  los mismos  amigos?  79 I:  sí más o  menos siempre / con uno o con otro pero siempre más o menos con los mismos si tienes / cuatro o seis parejas que son los que más / te relacionas con ellos pues cuando no es con uno es con otro y siempre más o menos los  / los mismos 80 E: sí que normalmente era con  con un chaval de  / de Y también ¿no? / más  / más relación 80 I: ese es más relación tengo ,¿Salís vosotros casi siempre con los mismos amigos? - Normalmente con un chaval que es con el que más relación tengo,¿Salen ustedes casi siempre con los mismos amigos? - Normalmente con un chavo que es con el que mejor me llevo,Do you (plural) usually go out with the same friends? Usually with the guy I'm closest to,Both
15,GUAD_H11_086,52,B,que les gust<grabación_defectuosa/>a hacer cuando están en familia? 52 I: pues platicar,¿A vosotros qué os gusta hacer cuando estáis en familia? - Pues charlar,¿A ustedes qué les gusta hacer cuando están en familia? - Pues platicar,"What do you like to do when you are together as a family? Well, chatting",Both
16,ALCA_H12_019,88,E,¿ibais en coche no?,"¿Vosotros ibais en coche, no?","¿Ustedes iban en carro, no?","You were going by car, right?",Both
17,ALCA_H12_019,103,I,cogen el coche o sus medios y se van a dormir a  a su casa,Cogen el coche y se van a dormir a su casa,Agarran el carro y se van a dormir a su casa,They take the car and they go home to sleep,Lexical
18,GUAD_H12_098,3,I,está más chido así no / no sudas y luego / puedes traerte una chamarra,Está más guay. Así no sudas y luego puedes traerte una chaqueta,Está más chido. Así no sudas y luego puedes traerte una chamarra,It's cooler (as in awesome). That way you don't sweat and you can bring a jacket,Lexical
19,GUAD_H12_098,12,I,nomás  voy de pasada en el camión ,Tan solo voy de paso en el bus,Nomás voy de pasada en el camión ,I'm just passing through on the bus,Lexical
20,GUAD_H12_098,69,E,¿puedes checar si sí está grabando?,¿Puedes revisar si sí está grabando?,¿Puedes checar si sí está grabando?,Can you check if it is recording?,Lexical
21,GUAD_H12_098,179,E,¡ay!  ¡qué menso!,"¡Ay, qué tonto!","¡Ay, qué menso!","Oh, how silly/dumb!",Lexical
22,GUAD_H12_098,243,E,¿alguna vez te echaron la culpa por algo que tú no hiciste?,¿Alguna vez han echado la culpa por algo que tú no has hecho?,¿Alguna vez te echaron la culpa por algo que tú no hiciste?,Have you ever been blamed for something you didn't do?,Grammatical
23,GUAD_H12_098,245,E,¿alguna vez te hicieron llorar en la escuela o trabajo?,¿Alguna vez te han hecho llorar en el colegio o trabajo?,¿Alguna vez te hicieron llorar en la escuela o trabajo?,Did they ever make you cry at school or work?,Both
24,ALCA_H13_001,83,I,nunca había trabajado con ordenadores,Nunca había trabajado con ordenadores,Nunca había trabajado con computadoras,I had never worked with computers,Lexical
25,ALCA_H13_001,139,I,en el cementerio  precisamente están haciendo un puente,En el cementerio están haciendo un puente,En el panteón están haciendo un puente,They're building a bridge on the cemetery,Lexical
26,ALCA_H13_001,"(215, 216)",B,ha mejorado - 216 E: se ha notado mucho,Ha mejorado - Se ha notado mucho,Mejoró - Se notó mucho,It improved - It's been very noticable,Grammatical
27,ALCA_H13_001,244,I,un día / lo mismo que lo cojo con  / con entusiasmo un día me mosqueo,"Un día lo cojo con entusiasmo, al otro me mosqueo","Un día lo tomo con entusiasmo, al otro estoy de malas","One day I'm excited about it, the next I'm annoyed",Lexical
28,GUAD_H13_014,1,E,bueno entonces me dijiste que te llamabas P,"Bueno, entonces me has dicho que te llamabas P","Bueno, entonces me dijiste que te llamabas P","Ok, so you told me your name was P",Grammatical
29,GUAD_H13_014,19,I,se enoja de todo pero pues ni modo que te enojes porque hace calor,"Se enfada de todo, pero como te vas a enfadar porque hace calor","Se enoja por todo, pero ni modo que te enojes porque hace calor","They get mad about everything, but how are you gonna get mad because it's hot",Lexical
30,GUAD_H13_014,61,I,estaba muy pequeña la casa pero estaba muy chida,"Estaba muy pequeña la casa, pero estaba muy guay","Estaba muy pequeña la casa, pero estaba muy chida","The house was very small, but it was very cool",Lexical
31,GUAD_H13_014,76,I,los tacos / de lo que sea // menos de moronga,Comería lo que sea menos morcilla,Comería lo que sea menos moronga,I'd eat anything but blood sausage,Lexical
32,GUAD_H13_014,80,I,tostadotas que venden con frijol,Venden tostadas con judías ,Venden tostadas con frijoles,They sell toasts with beans,Lexical
33,GUAD_H13_014,92,I,le echo / a veces carne molida,A veces le echo carne picada,A veces le echo carne molida,Sometimes I add ground meat,Lexical
34,GUAD_H13_014,97,B,y qué tal te llevas con la gente que vive / por tu casa / tus vecinos? - 97 I: bien / muy bien / muy bien // no a todos  por ejemplo / sales y / y conversas y platicas y echas carrilla y todo eso ,"¿Qué tal te llevas con tus vecinos? - Bien, sales y charlas y vacilas y todo eso ","¿Qué tal te llevas con tus vecinos? - Bien, sales y platicas y echas carrilla y todo eso ","How do you get allong with your neighbours? Good, you go out and chat with them and joke around and all that",Lexical
35,GUAD_H13_014,106,I,ya pasó mucho tiempo,Ya ha pasado mucho tiempo,Ya pasó mucho tiempo,A lot of time has passed,Grammatical
36,GUAD_H13_014,135,,me gustaba leer desde muy chiquito pero no sé por qué perdí eso,"Me gustaba leer desde muy pequeño, pero no sé por qué he perdido eso","Me gustaba leer desde muy chiquito, pero no sé por qué perdí eso","I liked reading since I was little, but I don't know why I lost that",nan
37,GUAD_H13_014,157,,se ve muy joven / porque él es como que todo le vale,Se ve muy joven porque a él todo le da igual,Se ve muy joven porque a él todo le vale,He looks very young he doesn't really care about anything,nan
38,ALCA_H21_043,125,,para coger el hilo otra vez de la clase,Para coger el hilo de la clase otra vez ,Para agarrarle la onda a la clase otra vez,To get te hang of class again,nan
39,GUAD_H21_060,50,,estaba bonito porque / pues no había carros no había ruido ,Estaba bonito porque no había coches,Estaba bonito porque no había carros,It was pretty because there were no cars,nan
40,GUAD_H21_060,50,,quieres dormir y pues no puedes porque / los camiones pasan,"Quieres dormir, pero no puedes porque pasan autobuses ","Quieres dormir, pero no puedes porque pasan camiones","You want to sleep, but you can't because there's busses passing through",nan
41,GUAD_H21_060,62,,cuando yo era niño pues casi no había unidades / no había canchas de fútbo,Cuando yo era niño casi no había campos de fútbol,Cuando yo era niño casi no había canchas de fútbol,"When I was a kid, there were almost no football pitches",nan
42,GUAD_H21_060,62,,ya tenemos chance de ir a / al estadio  a / a dar vueltas a la calle // pero antes no,"Ahora tenemos oportunidad de ir al estadio, pero antes no","Ahora tenemos chance de ir al estadio, pero antes no","Now we have the chance to go to the stadium, but not before",nan
43,GUAD_H21_060,69,,"¿cómo consideras que es tu mamá? <observación_complementaria = ""el informante voltea a ver a su madre con expresión de susto""/>  A2: <ininteligible/> <risas = ""E""/> imagina que no te oye 69 I: uuuhh no / mejor\ imagina tú que no me oyes <risas = ""I E y A1""/> // no pues es / buena onda",¿Cómo consideras que es tu mamá? - Es guay,¿Cómo consideras que es tu mamá? - Es buena onda,What do you think your mum is like? She is cool,nan
44,GUAD_H21_060,144,,el morro ya no quieren / un carrito de madera / quieren / un carro de plástico y con control remoto,"Los críos ya no quieren un cochecito madera, quieren un coche de plástico y con control remoto ","Los morros ya no quieren un carrito de madera, quieren un carro de plástico y con control remoto ","Kids nowdays don't want a wooden toy car, they want a plastic car with remote control",nan
45,GUAD_H21_060,147,,ahorita ya nomás le mueves al carro y / y ya se mueve o se va para donde tú quieras,Ahora ya tan solo le mueves al coche y se va para donde tú quieras,Ahorita ya nomás le mueves al carro y se va para donde tú quieras,Now you just move the car and it goes wherever you want it to,nan
46,GUAD_H21_060,100,,me la paso aquí y allá y allá / cotorreando con mis / mis amistades,"Me la paso aquí y allá, charlando con mis colegas","Me la paso aquí y allá, cotorreando con mis compas","I go from here to there, chatting with frends ",nan
47,GUAD_H21_060,275,,// mucho sufrimiento para mi  jefe / que es lo que más me agüitaba,"Ha causado mucho sufrimiento para mi  jefe, que es lo que más me entristecía","Causó mucho sufrimiento para mi  jefe, que es lo que más me agüitaba","It caused a lot of suffering for my boss, which is what upset me the most",nan
48,GUAD_H21_060,276,,yo te conozco carnal / mm <cita> ¡qué te vaya bien!,"Yo te conozco, tronco ¡Qué te vaya bien!","Yo te conozco, carnal ¡Qué te vaya bien!","I know you, bro. Have a good time! ",nan
49,GRAN_M21_046,1,,yo me quedaba aquí haciendo los deberes,"Yo me quedaba aquí, haciendo los deberes","Yo me quedaba aquí, haciendo la tarea","I'd stay here, doing homework",Lexical
50,GRAN_M21_046,1,,a mí la verdad es que muy bien no se me ha dado el colegio,A mí la verdad es que no se me ha dado muy bien el colegio,A mí la verdad es que no se me dió muy bien la escuela,"Truth is, I was not very good at school",Both
51,GRAN_M21_046,3,,mi hermano pues ya él / como a él lo que le gustaba era conducir,A mi hermano le gustaba conducir ,A mi hermano le gustaba manejar,My brother liked to drive,Lexical
52,GRAN_M21_046,"(6,7)",,cuéntame 6 I:  recuerdo 7 E: cómo / ¿qué  hicisteis ,Cuéntame ¿Qué hicisteis vosotros?,Cuéntame ¿Qué hicieron ustedes?,Tell me. What did you (plural) do?,Grammaticalrammar
53,GRAN_M21_046,10,,¿y las vacaciones? // a // ¿os ibais por ahí a algún sitio o dónde las pasabais?,¿Y las vacaciones? ¿Os ibais vosotros por ahí a algún sitio o dónde las pasabais?,¿Y las vacaciones? ¿Se iban ustedes por ahí a algún sitio o dónde las pasaban?,And holidays? Would you go somewhere or where would you spend them? ,Grammaticalrammar
54,GRAN_M21_046,10,,como mi padre no ha tenido coche hasta // ya bastante mayor / pues / lo típico / coger el autobús a las seis de la  mañana,"Como mi padre no ha tenido coche hasta ya bastante mayor, pues cogíamos el autobús a las seis de la mañana","Como mi padre no tuvo carro hasta ya bastante mayor, pues nos ibamos en camión a las seis de la mañana","Since my father didn't have a car untill he was quite old, we'd take the bus at six in the morning",Both
55,GRAN_M21_046,11,,hoy en día coges el coche y en dos minutos estás allí,Hoy en día coges el coche y en dos minutos estás allí,Hoy en día agarras el carro y en dos minutos estás allí,"Nowdays, you take the car and in two minutes you're there",Lexical
56,GRAN_M21_046,23,,tú te coges un autobús y en me en menos de una hora te has atravesado Granada  entera,Coges un autobús y en menos de una hora te has atravesado la ciudad entera,Agarras un camión y en menos de una hora te has atravesado la ciudad entera,You take a bus and in less than an hour you've crossed the entire city,Lexical
57,GRAN_M21_046,35,,sí me cogía mi lápiz mi boli y apuntaba las recetas,"Cogía mi lápiz, mi boli, y apuntaba las recetas","Agarraba mi lápiz, mi pluma, y apuntaba las recetas","I'd take my pencil, my pen, and I'd write down the recipes ",Lexical
58,GRAN_M21_046,37,,las fiestas de Granada / ¿cuáles celebráis?,¿Qué fiestas locales celebráis vosotros?,¿Qué fiestas locales celebran ustedes?,Which local holidays do you (plural) celebrate?,Grammaticalrammar
59,GRAN_M21_046,57,,menos mal que no lo he visto,Menos mal que no lo he visto,Menos mal que no lo ví,Thankfully I didn't see it,Grammaticalrammar
60,GRAN_M21_046,57,, sí he sido yo," Sí, he sido yo","Sí, fuí yo","Yes, it was me",Grammaticalrammar
61,GRAN_M21_046,"(73,74)",,me  paso 74 E:  ¿sí? 74 I: muchas horas con el ordenador,Me paso muchas horas con el ordenador,Me paso muchas horas con la computadora,I spend many hours on the computer,Lexical
62,GUAD_H22_002,7,,vienen muchos / chamacos jóvenes,Vienen muchos críos jóvenes,Vienen muchos chamacos jóvenes,A lot of young kids come here,Lexical
63,GUAD_H22_002,54,,yo<alargamiento> casi nunca usaba chamarra,Yo casi nunca usaba chaqueta,Yo casi nunca usaba chamarra,I almost never wore a jacket,Lexical
64,GUAD_H22_002,56,,y en<alargamiento> espacio de<alargamiento> quince minutos que dejó de llover,"Y en un espacio de quince minutos, ha dejado de llover","Y en un espacio de quince minutos, dejó de llover","And in a fifteen minutes span, it stopped raining",Grammaticalrammar
65,GUAD_H22_002,86,,salgo y camino par de cuadras,Salgo y camino un par de manzanas,Salgo y camino un par de cuadras,I go out and walk a couple of blocks,Lexical
66,GUAD_H22_002,102,,tengo cuates aquí,Tengo colegas aquí,Tengo compas aquí,I have friends here,Lexical
67,GUAD_H22_002,121,,"a veces nos tomamos una cheve <observación_complementaria = ""cerveza""/> o algo",A veces nos bebemos una birra o algo,A veces nos tomamos una cheve o algo,Sometimes we drink a beer or something,Lexical
68,GUAD_H22_002,177,,íbamos a ver qué onda,Vamos a ver qué tal,Vamos a ver qué onda,We're going to see what's up,Lexical
69,GUAD_H22_002,181,,esa estuvo chida,Esa ha estado guay,Esa estuvo chida,That one was cool,Both
70,GUAD_H22_002,211,,¿por aquí / dónde queda un puesto de periódicos? 211 I: un puesto de periódicos queda aquí a cuat <palabra_cortada> a dos cuadras,¿Dónde queda un quiosco de periódicos por aquí? - A dos manzanas,¿Dónde queda un puesto de periódicos por aquí? - A dos cuadras,Where's a newspaper stand around here? Two blocks away,Lexical
71,MADR_H11_002,86,,¿de  aquí? he tardado diez minutos,¿De  aquí? He tardado diez minutos,¿De  aquí? Tardé diez minutos,From here? It took me ten minutes,Grammaticalrammar
72,MADR_H11_002,88,,cuando tengo que venir pues vengo tal / vengo andando,"Cuando tengo que venir, pues vengo andando","Cuando tengo que venir, pues vengo caminando","When I have to come, well, I walk",Lexical
73,MADR_H11_002,92,,llevo un / mes y pico sin venir,Llevo un mes y pico sin venir,Llevo un mes y cacho sin venir,I haven't come here in a month and change ,Lexical
74,MADR_H11_002,94,,¿qué habéis estado haciendo?,¿Qué habéis estado haciendo vosotros?,¿Qué han estado haciendo ustedes?,What have you (plural) been doing?,Grammaticalrammar
75,MADR_H11_002,155,,y las relaciones las relaciones entre la gente también han cambiado?,¿Y las relaciones entre la gente también han cambiado?,¿Y las relaciones entre la gente también cambiaron?,And the relationships between people have also changed?,Grammaticalrammar
76,MADR_H11_002,159,,¿cuántos  sois? ¿cuántos? 159 I: ¿vecinos? // ¡ah! / ¿pisos? // ¡ostras! // seis,¿Cuántos sois? - ¡Ostras! Somos seis,¿Cuántos son? - ¡Orale! Somos seis,How many of you are there? Wow! There's six of us,Both
77,MADR_H11_002,174,,hay muchos gamberretes por ahí,Hay muchos gamberretes por ahí,Hay muchos pingos por ahí,There's a lot of trouble-makers around there,Lexical
78,MADR_H11_002,176,,está mi  calle por ejemplo que no se puede pasar por la acera / todos los coches subidos,"En mi calle, no se puede pasar por la acera por todos los coches","En mi calle, no se puede pasar por la banqueta por todos los carros","On my street, you can't walk on the sidewalk due to all the cars",Lexical
79,MADR_H11_002,177,,¿qué se podría hacer para eso? / 177 I: ¡pff! garajes subteráneos,¿Qué se podría hacer para eso? - Garajes subterráneos,¿Qué se podría hacer para eso? - Cocheras subterráneas,What could be done about it? Underground garages,Lexical
80,MADR_H11_002,179,,están todas las aceras atascadas / llenas de coches,"Todas las aceras están atascadas, llenas de coches","Todas las banquetas están atascadas, llenas de carros","All the sidewalks are crowded, full of cars",Lexical
81,MADR_H11_002,"(211, 212)",,"¿qué se hace en un botellón? 211 I: beber 212 E: ¿beber? / ¿ya está? 212 I: <tiempo = ""19:57""/> y bueno / charlar",¿Qué se hace en una fiesta? - Beber y charlar,¿Qué se hace en una fiesta? - Tomar y platicar,What do you do at a party? - Drink and chat,Lexical
82,MADR_H11_002,229,,con eso no tienes ni para pipas en un  / en un bar,Con eso no tienes ni para pipas en un bar,Con eso no tienes ni para semillitas de girasol en un bar,"With that, you can't even buy sunflower seeds at a bar",Lexical
83,MADR_H11_002,250,, juntos // bueno con otros dos chavales,"Juntos, con otros dos chavales","Juntos, con otros dos chavos","Together, with two other guys",Lexical
84,MADR_H11_002,266,,ya lo he comprendido y // la he vendido para eso ,"Ya lo he comprendido, y he vendido mi moto","Ya lo entendí, y vendí mi moto","I understand now, and I sold my motorcycle",Grammaticalrammar
85,MADR_H11_002,"(277, 278)",,nos vamos a apuntar mi novia y yo a la autoescuela y todo eso pues 278 E: uhum 278 I: para sacarme ya el carnet y ,Mi novia y yo nos vamos a apuntar a la autoescuela para sacarnos el carnet,Mi novia y yo nos vamos a apuntar a la escuela de manejo para sacarnos la licencia,My girlfriend and I are going to sign up for driving school to get our licenses,Lexical
86,MADR_H11_002,288,,llevaba un cha <palabra_cortada/>  otro chaval detrás,Llevaba a otro chaval detrás,Llevaba a otro chavo detrás,I had another guy behind me,Lexical
87,MADR_H11_002,293,,toquemos madera ¿no? que no ha pasado nada  a nadie,Toquemos madera ¿No? Que no le ha pasado nada a nadie,Toquemos madera ¿No? Que no le pasó nada a nadie,"Knock on wood, no? That nothing bad happened to anyone",Grammaticalrammar
88,MADR_H11_002,309,,os ha venido bien a los dos,Os ha venido bien a los dos,Les vino bien a los dos,It was good for the both of you,Grammaticalrammar
89,MADR_H11_002,318,, tienes idea de compraros algún piso habéis mirado  algo así,¿Tenéis idea de compraros algún piso para vosotros? ¿Habéis mirado o algo así?,¿Tienen idea de comprarse algún apartamento para ustedes? ¿Han mirado o algo así?,Do you have any ideas of buying an appartment for you two? Have you looked or anything?,Both
90,MADR_H11_002,359,,¿cuántos hermanos sois vosotros?,¿Cuántos hermanos sois vosotros?,¿Cuántos hermanos son ustedes?,How many siblings are you? ,Grammaticalrammar
91,MADR_H11_002,363,,¿sois los / pequeños?,¿Vosotros sois los pequeños de la familia?,¿Ustedes son los pequeños de la familia?,Are you (plural) the youngest in the family?,Grammaticalrammar
92,MADR_H11_002,412,,¿y qué hacéis allí cómo  / cómo os organizáis el  / el / los / eeh durante las  las vacaciones / para las comidas y todo eso?,¿Y vosotros qué hacéis allí? ¿Cómo os organizáis durante las vacaciones para las comidas y todo eso?,¿Y ustedes qué hacen allí? ¿Cómo se organizan durante las vacaciones para las comidas y todo eso?,And what do you (plural) do there? How do you organise yourselves during the holidays for meals and all that?,Grammaticalrammar
93,MADR_H11_002,"(459, 460)",,celebráis en tu casa las  / noche buena noche vieja? 459 I: sí solemos / sí 460 E: ¿qué soléis hacer ahí?,¿Vosotros celebráis la noche vieja en tu casa? ¿Qué soléis hacer ahí?,¿Ustedes celebran la noche vieja en tu casa? ¿Qué suelen hacer ahí?,Do you (plural) celebrate New Year's Eve at your place? What do you (plural) usually do there?,Grammaticalrammar
94,MADR_H11_002,470,,cada año veo a la gente más a su bola,Cada año veo a la gente más a su bola,Cada año veo a la gente más a su onda,"Each year, I see more poeople doing their own thing",Lexical
95,MEXI_H11_078,2,B,tú ahorita ¿a qué te dedicas I? 2 I: eh mesero,¿Tú ahora a qué te dedicas? - Soy camarero,¿Tú ahorita a qué te dedicas? - Soy mesero,What do you do now? - I'm a waiter,Lexical
96,MEXI_H11_078,166,I,te les quedas viendo mucho así directamente a los ojos ya los ofendiste,"Te les quedas viendo directamente a los ojos, y ya les has ofendido","Te les quedas viendo directamente a los ojos, y ya los ofendiste","You stare directly into their eyes, and you've offended them",Grammaticalrammar
97,MEXI_H11_078,244,E,¿más grandes o más chicos?,¿Más grandes o más pequeños?,¿Más grandes o más chicos?,Bigger or smaller?,Lexical
98,MEXI_H11_078,294,I,bueno según lo que me dijeron a mí,"Bueno, según lo que me han dicho a mí","Bueno, según lo que me dijeron a mí","Well, according to what I've been told",Grammaticalrammar
99,MEXI_H11_078,304,E,¿y eran de tus cuates?,¿Y eran de tus colegas? ,¿Y eran de tus cuates?,And they were your friends? ,Lexical
100,MEXI_H11_078,350,I,incluso eso salió en el periódico,Eso incluso ha salido en el periódico,Eso incluso salió en el periódico,That was even on the newspaper,Grammaticalrammar
101,MEXI_H11_078,"(391, 392)",E,no sabía la verdad yo que ahí sí estaba 391 I: sí  pero 392 E:  gacho ,La verdad no sabía que era tan cutre,La verdad no sabía que estaba tan gacho,I honestly didn't know it was so bad ,Lexical
102,MEXI_H11_078,400,E,oye y así el lugar más / más gacho al que te hayas metido ,¿Cual es el lugar más chungo al que te hayas metido?,¿Cual es el lugar más gacho al que te hayas metido?,What's the worst place you've ever been?,Lexical
103,MEXI_H11_078,414,E,¿qué qué te hizo así cambiar de /  de de vida?,¿Qué te ha hecho cambiar de vida?,¿Qué te hizo cambiar de vida?,What made you change your life?,Grammaticalrammar
104,MEXI_H11_078,433,I,era muy muy enojón también / o sea me me me violentaba muy rápido,"Era muy enfadadizo, me enfadaba muy rápido","Era muy enojón, me enojaba muy rápido","I was very short-tempered, I got angry very quickly",Lexical
105,MEXI_H11_078,487,I,fue la única persona que confió en mí ,Ella ha sido la única persona que ha confiado en mí ,Ella fue la única persona que confió en mí ,She's the only person who trusted me,Grammaticalrammar
106,MADR_H12_007,"(36, 37)",I,hemos tenido / 37 E:  ya  37 I:  un  tiempo bastante bueno / lo único es eso que nos ha venido la ola de frío,"Hemos tenido un tiempo bastante bueno, pero ahora nos ha venido la ola de frío","Hubo buen clima, pero ahora nos vino la ola de frío","We had quite good weather, but now the cold snap has arrived",Grammaticalrammar
107,MADR_H12_007,38,E, ¿y tú recuerdas si eso también sucedía antes? eeh estos  / estas eeh vamos cuando tú eras pequeño,¿Tú recuerdas si eso también sucedía cuando tú eras pequeño? ,¿Te acuerdas si eso también pasaba cuando tú eras chico?,Do you remember if that also happened when you were a kid?,Lexical
108,MADR_H12_007,"(42, 43) ",B,"cuando estabas en el colegio siempre te caía alguna nevada // y era el día que mejor te lo pasabas <risas = ""todos""/> 43 E: ¿qué hacíais los días de nevada o? ","Cuando estabas en el colegio, cuando caía alguna nevada era el día que mejor te lo pasabas. - ¿Qué hacíais vosotros los días de nevada? ","Cuando estabas en la escuela, cuando caía alguna nevada era el día que mejor te lo pasabas. - ¿Qué hacían ustedes los días de nevada? ","When you were in school, when it snowed, it was the best day. -  What would you do on snowy days? ",Both
109,MADR_H12_007,48,I,cogía un / al hermano de uno de los amigos que era pequeño / lo metí en el coche,"Cogí al hermano de uno de mis amigos, que era pequeño, y lo metí en el coche","Agarré al hermano de uno de mis amigos, que era chico, y lo metí en el carro","I took the brother of one of my friends, who was little, and I put him in the car",Lexical
110,MADR_H12_007,49,I,un rayo cayó en pues como a un kilómetro // y incendió un depósito de neumáticos,Ha caído un rayo y ha encendido un depósito de neumáticos,Cayó un rayo y encendió un depósito de llantas,A lightning struck and set fire to a tire depot,Both
111,MADR_H12_007,66,B,¿se han hecho construcciones nuevas por ejemplo? 66 I: pues lo que se han hecho ha sido alguna plaza / alguna fuente // y <silencio/> y así / y sobre todo bueno el tema de los aparcamientos que / que se han construido,¿Se han hecho construcciones nuevas? - Pues se han construido sobre todo aparcamientos,¿Se hicieron construcciones nuevas? - Pues se construyeron sobre todo estacionamientos,"Have any new constructions been made? - Well, mostly parking lots have been built",Both
112,MADR_H12_007,67,I,yo tenía un día aparcado el coche / no me avisaron // ,"Tenía el coche aparcado, pero no me avisaron que tenía que moverlo ","Tenía el carro estacionado, pero no me avisaron que tenía que moverlo ","My car was parked, but they didn't tell me I had to move it",Lexical
113,MADR_H12_007,70,I,lo que sí que he visto es que han hecho mucha han ampliado mucho el tema de aceras y han quitado muchas muchas plazas de aparcamiento ,"Lo que sí que he visto, es que han ampliado las aceras y han quitado muchas plazas de aparcamiento ","Lo que sí que vi, es que ampliaron las banquetas y quitaron muchas espacios de estacionamiento","What I did see, is that they widened the sidewalks and removed many parking spots",Both
114,MADR_H12_007,92,I,En las zonas de / de garitos ¿no? de / la zona de copas pues siempre habrá algún <palabra_cortada/> / alguna trifulca,En las zonas de garitos pues siempre habrá alguna trifulca,En las zonas de antros pues siempre habrá alguna bronca,"In the bar areas, there's always gonna be some scuffle",nan
115,MADR_H12_007,"(130, 131)",E,130 E:  y  ¿siempre vais / los mismos y vais todos o hay  fluctuaciones?  130 I:  [...] 131 E: ¿y estáis asociados de alguna manera o / o es una?,¿Siempre vais los mismos? ¿Y vosotros estáis asociados de alguna manera?,¿Siempre van los mismos? ¿Y ustedes están asociados de alguna manera?,Do the same people always go? And are you all associated in some way?,Grammaticalrammar
116,MADR_H12_007,152,E,sí sí  en cualquier descampado /  podéis ...,Vosotros podéis hacerlo en cualquier descampado,Ustedes pueden hacerlo en cualquier lote baldío,You (plural) can do it in any open field,Both
117,MADR_H12_007,163,I,lo primero que ya he hecho ha sido comprarme un piso ,Lo primero que he hecho ha sido comprarme un piso ,Lo primero que hice fue comprarme un apartamento,The first thing I did was buy an appartment ,Both
118,MADR_H12_007,175,I,coges en una sartén pones a dorar ajos // eeh cuando están más o menos ya dorados / coges con un / una cuchara de <silencio/> sí una cuchara pequeña // de café / pimentón / y con un vaso de agua preparado a un lado / entonces lo echas / lo remueves,"Coges una sartén, pones a dorar ajo. Después coges una cucharada pequeña de pimentón, lo echas y remueves","Agarras una sartén, pones a dorar ajo. Después agarras una cucharada pequeña de páprika, lo echas y remueves","You take a frying pan, fry up garlic. Then you take a small spoonful of paprika, add it, and stir",Lexical
119,MADR_H12_007,"(191, 192)",I,a mí me encantaría que fuera rubia <ininteligible/> con los ojos azules tal </cita> / no 192 E: sí pero bueno / siempre  hay eeh  192 I:  una chica nor <palabra_cortada/> normales,"A mí me encantaría una chica normal. Que fuera rubia, con los ojos azules","A mí me encantaría una chava normal. Que fuera güera, con los ojos azules","I'd love a normal girl. Blonde, with blue eyes",Lexical
120,MADR_H12_007,243,I, tranquilo que / que yo no conducía / que yo lo he visto todo / y te voy a ayudar,"Tranquilo, que yo no conducía y lo he visto todo. Te voy a ayudar","Tranquilo, que yo no manejaba y lo ví todo. Te voy a ayudar","Don't worry, I wasn't driving and I saw everything. I'll help you",Both
121,MEXI_H12_042,47,E,híjole / qué difícil /  ¿no? ,¡Ostras! Qué difícil ¿No? ,¡Híjole! Qué difícil ¿No? ,"Wow! How difficult, no?",Lexical
122,MEXI_H12_042,47,I,como no vivo con él y no aporta y no da / pues me valió su opinión,"Como no vivo con él, me dió igual su opinión","Como no vivo con él, me valió su opinión","Since I don't live with him, I didn't care about his oppinion",Lexical
123,MEXI_H12_042,"(71, 72)",B,a ella le gusta mucho verme bailar / entonces 72 E: ¡qué padre!,A ella le gusta mucho verme bailar. - ¡Qué guay!,A ella le gusta mucho verme bailar. - ¡Qué padre!,She really likes seeing me dance. - How cool!,Lexical
124,MEXI_H12_042,78,I,ese fue también otra historia bien / cañona,Esa fue también otra historia muy chunga,Esa fue también otra historia bien cañona,That was also another very complicated story,Lexical
125,MEXI_H12_042,88,I,empecé a andar con él,Entonces empecé a salir con él,Entonces empecé a andar con él,Then I started dating him,Lexical
126,MEXI_H12_042,92,I,mi her <palabra_cortada/> / hermano estaba ahí de metiche,"Mi hermano estaba ahí, cotilleando","Mi hermano estaba ahí, de metiche","My brother was there, being nosy",Lexical
127,MEXI_H12_042,100,I,ya decidí dejarles de hablar / me valió,Ya he decidido dejar de hablares. Ya me da igual,Ya decidí dejarles de hablar. Ya me valió,I've decided to stop talking to them. I don't care,Both
128,MEXI_H12_042,116,I,entonces construimos una especie de departamento / y es donde estoy viviendo ahorita,"Entonces construimos una especie de piso, y es donde estoy viviendo ahora","Entonces construimos una especie de departamento, y es donde estoy viviendo ahorita","Then we built some sort of apartment, and that's where I'm living now",Lexical
129,MEXI_H12_042,"(134, 135)",B,"ya  ahorita / pues ya empezaron mucho a vender droga pero 135 E: <risas = ""E""/> /  ¿y a poco antes no?",Ahora pues ya han empezado a vender todo eso. - ¿Y antes no?,Ahorita pues ya empezaron a vender todo eso. - ¿Y a poco antes no?,Now they've started selling all that - And they didn't before?,Both
130,MEXI_H12_042,334,I, ¿sabes qué prop <palabra_cortada/> / qué propuesta me gustó mucho?,¿Sabes qué propuesta me ha gustado mucho?,¿Sabes qué propuesta me gustó mucho?,Do you know which proposal I really liked?,Grammaticalrammar
131,MEXI_H12_042,341,E,¡órale! / ¿y quién  hizo ese montaje?,¡Ostras! ¿Quién ha hecho ese montaje?,¡Órale! ¿Quién hizo ese montaje?,Wow! Who did that staging?,Both
132,MEXI_H12_042,342,I,a mí me gustó / dio mucho de qué hablar,A mi me ha gustado. Ha dado mucho de qué hablar,A mí me gustó. Dió mucho de qué hablar,I liked it. It gave a lot to talk about,Grammaticalrammar
133,MEXI_H12_042,"(345, 346)",I, pero ese no me gustó 346 E: mm 346 I: no / como que no tuvo nada más interesante que eso,Pero ese no me ha gustado. Como que no ha tenido nada más interesante que eso,Pero ese no me gustó. Como que no tuvo nada más interesante que eso,But I didn't like it. It's like it didn't have anything more interesting than that. ,Grammaticalrammar
134,MADR_H13_013,15,E,¿tú recuerdas que antes cuando tú eras eeh niño / eeh antes había es hacía este calor también o?,"¿Tú recuerdas que antes, cuando tú eras niño, hacía este calor también?","¿Tú recuerdas que antes, cuando tú eras chico, hacía este calor también?","Do you remember before, when you were a kid, it was this hot?",Lexical
135,MADR_H13_013,108,I,yo soy muy  vago para todo,Yo soy muy vago para todo eso,Yo soy muy flojo para todo eso,I'm too lazy for all that,Lexical
136,MADR_H13_013,109,E,veríais así muchas situaciones así,Vosotros veríais muchas situaciones así,Ustedes verian muchas situaciones así,You'd see many situations like that,Grammaticalrammar
137,MADR_H13_013,110,I,tú te sentías bien ayudándoles / un poquillo / tampoco hacíamos gran cosa de les servíamos la comida les limpiábamos el patio de hojas y tal pero // bueno y les dábamos un poco de  charla,"Tú te sentías bien ayudándoles un poquillo. Les servíamos la comida, les limpiábamos el patio de hojas, y les dábamos un poco de charla","Tú te sentías bien ayudándoles un poquito. Les servíamos la comida, recogiamos las hojas del patio, y platicabamos un poco","You'd feel good helping them a little. We'd serve food, clean up the leaves in the yard, and chat with them",Lexical
138,MADR_H13_013,114,E,¿pero lo llevabais vosotros o no?,¿Pero lo llevabais vosotros o no?,¿Pero lo llevaban ustedes o no?,But were you (plural) carrying it or not?,Grammaticalrammar
139,MADR_H13_013,147,I,parece una chorrada pero </entre_risas>,"Parece una chorrada, pero funciona","Parece una jalada, pero funciona","It seems like nonsense, but it works",Lexical
140,MADR_H13_013,156,I,es amigo mío desde desde el cole,Es amigo mío desde desde el colegio,Es amigo mío desde desde la escuela,He's been my friend since school,Lexical
141,MADR_H13_013,165,I,a lo mejor un día te cabreas y tal pero hh / siempre se ha arreglado bastante bien mmm,"A lo mejor un día te cabreas y tal, pero siempre se han arreglado bastante bien las cosas","A lo mejor un día te enojas y así, pero siempre se arreglaron bastante bien las cosas","Maybe one day you get mad and stuff, but things have always worked out pretty well",Both
142,MADR_H13_013,168,I,yo me iba por las mañanas a currar,Yo me iba por las mañanas a currar,Yo me iba por las mañanas a chambear,I'd go to work in the mornings,Lexical
143,MADR_H13_013,229,I, yo llevo ahí desde las siete de la mañana y no he ido a comer,Yo llevo ahí desde las siete de la mañana y no he ido a comer,Yo llevo ahí desde las siete de la mañana y no fuí a comer,I've been there since seven in the morning and I didn't have lunch,Grammaticalrammar
144,MADR_H13_013,"(236, 237)",B,pero creo que voy a suspender / entonces tch lo que pasa es que la  nota 237 E:  ¿cuándo  salen las notas?,Creo que voy a suspender. - ¿Cuándo salen las notas?,Creo que voy a reprobar. - ¿Cuándo salen las calificaciones?,I think I'm going to fail. - When do the grades come out?,Lexical
145,MEXI_H13_006,7,I,era un chavo así medio este / pues ya / para su edad que tenía entre // se <palabra_cortada/> / ¡muy infantil! // para su edad / realmente porque / pues ya / yo sí me acuerdo que estaba chico yo / y este // y ya se veía con una apariencia ya mayor /,"El era un chico muy infantil para su edad. Yo sí recuerdo que cuando yo era pequeño, el ya se veía más mayor.","El era un chavo muy infantil para su edad. Yo sí me acuerdo que cuando yo estaba chico, el ya se veía más mayor.","He was  a very childish boy for his age. I remember that when I was little, he looked older. ",Lexical
146,MEXI_H13_006,11,I,no ganabas nada más que / pues decir / <cita> gané </cita> / <cita> ganamos </cita>,"No ganabas nada más que  poder decir ""he ganado"", ""hemos ganado""","No ganabas nada más que  poder decir ""gané"", ""ganamos"".","You wouldn't win anything other than being able to say ""I won"", ""we won""",Grammaticalrammar
147,MEXI_H13_006,14,I,ellos sí se cambiaron / pues crecieron y todo eso //,"Ellos sí han cambiado, pues han crecido y todo eso","Ellos sí cambiaron, pues crecieron y todo eso","They've changed, since they've grown up and all that",Grammaticalrammar
148,MEXI_H13_006,18,I,entonces // nos quitaron el carro sí / de lo que me platican ,Me cuentan que nos han quitado el coche,Me platican que nos quitaron el carro,They tell me they've taken the car away,Both
149,MEXI_H13_006,18,I,que me acuerdo muy bien de que vi la imagen del carro // ,Recuerdo muy bien que vi la imagen del auto,Me acuerdo muy bien de que vi la imagen del carro,I remember very well that I saw the image of the car,Lexical
150,MEXI_H13_006,43,I,se notó / que toda la familia quiso ir / se portó de lo más linda,Se ha notado que toda la familia quiso ir y se ha portado de lo más amable,Se notó que toda la familia quiso ir y se portó de lo más linda,It's been noticable that the whole family wanted to go and they've behaved very nicely,Both
151,MEXI_H13_006,48,I,se notaba mucho luego luego / en las calificaciones // de la escuela / bajaban mucho porque n  / como / y creo nos te <palabra_cortada/> / entendió muy bien un maestro que tuve / en / en la primaria // me decía <cita> no / no se preocupe ,La preocupación se notaba enseguida en las notas del colegio. Pero un profesor me decía que no me preocupara,La preocupación se notaba luego luego en las calificaciones de la escuela. Pero un maestro me decía que no me preocupara,The worry was immediatly noticable in the grades at school. But a teacher told me not to worry about it ,Lexical
152,MEXI_H13_006,99,I,quedó / pues quieras o no ciscado / por el gran golpe que se llevó en su carro,El ha quedado con un susto por el golpe que se ha llevado en su coche,El quedó ciscado por el golpe que se llevó en su coche,He is scared from the hit he took in his car,Both
153,MEXI_H13_006,99,I,<cita> ¿<sic> oyes </sic> qué pasó? / ¿A se enojó? </cita> ,¿Qué ha pasado? ¿Se ha enfadado?,¿Qué pasó? ¿Se enojó?,What happened? Did he get mad?,Grammaticalrammar
154,MEXI_H13_006,99,I,es el miedo ahorita a salir y agarrar un carro / un carro nuevamente / pues no o sea / es difícil / y lo entiendo / hasta que no vuelva a agarrar otra vez confianza y salir ,Tiene miedo a salir y coger un coche. Va a ser difícil hasta que no vuelva a coger otra vez confianza. ,Tiene miedo a salir y agarrar un carro. Va a ser difícil hasta que no vuelva a agarrar otra vez confianza. ,He's afraid to go out and take a car. It's going to be hard until he regains his confidence,Lexical
155,MEXI_H13_006,112,I, yo nomás decía inge <palabra_cortada/> / o sea / por dentro / <cita> ingeniero / nada más déme chance / o sea de / de demostrarle lo que puedo hacer,"Yo tan solo decía ""Señor, nada más déme la oportunidad de demostrarle lo que puedo hacer""","Yo nomás decía ""Señor, nada más déme chance de demostrarle lo que puedo hacer""","I only said ""Sir, give me the chance to show you what I can do""",Lexical
156,MEXI_H13_006,114,I, ¡felicidades! / te quedó padrísimo / <sic> oyes </sic> qué buena idea / <sic> oyes </sic> tu proyecto de la casa club / ganó / o sea / ¡me gustó! ,¡Felicidades! Te quedó muy chulo. Tu proyecto ha ganado ¡Me ha gustado! ,¡Felicidades! Te quedó padrísimo. Tu proyecto ganó ¡Me gustó! ,Congratulations! It came out great. Your project won. I liked it! ,Both
157,MEXI_H13_006,115,I,vente en enero / porque ya se acabó ahorita ,"Ven en enero, porque ya se ha acabado ahora","Vente en enero, porque ya se acabó ahorita ","Come in January, because it's already over now",Grammaticalrammar
158,MEXI_H13_006,122,I, hace siete meses pude haber tenido carro nuevo / pero pues no me quise / aventurar / tanto / porque todavía tenía la preocupación de mi licencia,"Desde hace siete meses pude haber tenido coche nuevo, pero no me quise aventurar tanto porque todavía tenía la preocupación de mi carnet","Desde hace siete meses pude haber tenido carro nuevo, pero no me quise aventurar tanto porque todavía tenía la preocupación de mi licencia","For seven months I could've had a new car, but I didn't want to be so bold since I was still worriyng about my license",Lexical
159,MEXI_H13_006,"(150, 151)",I,"// hace dos semanas dejé de / pagarles a dos / a los carpinteros 151 E: <risas = ""E""/>151 I: <tiempo = ""42:10""/> ¿por qué? / porque / estuvieron flojeando ",He dejado de pagar a los carpinteros porque han estado haciendo el vago,Dejé de pagarles a los carpinteros porque estuvieron flojeando ,"I stopped paying the carpenters, because they've been slacking off",Both
160,MEXI_H13_006,151,I,fui a la oficina realmente por mi chamarra / apagué la computadora ,Fui a la oficina a por mi chaqueta y apagué el ordenador,Fui a la oficina a por mi chamarra y apagué la computadora ,I went to the office to get my jacket and I turned off the computer,Lexical
161,MEXI_H13_006,268,I,vénganse todos en mi carro,Veníos todos en mi coche,Vénganse todos en mi carro,"All of you, come in my car",Both
162,MEXI_H13_006,268,I,no se llevaba su carro nuevo / E / porque E es un poquito codita,Ella no se llevaba su coche nuevo porque es un poco tacaña,Ella no se llevaba su carro nuevo porque es un poquito codita,She woulnd't take her new car because she's a bit stingy,Lexical
163,MEXI_H13_006,296,B,¿con esta chava? /  mm  296 I:  con E  / es bien linda / E,"¿El sale con esta chica? - Sí, es muy mona","¿El anda con esta chava? - Sí, es bien linda","Is he dating this girl? - Yes, she's very cute",Lexical
164,BCN_H12_037,2,E,vale / explícame qué qué has hecho hoy,"Vale, explícame qué has hecho hoy","Okay, explícame qué hiciste hoy","Okay, tell me what you did today",Both
165,BCN_H12_037,9,B,¿y cómo lo has marcado de penalti o? 9 I: no porque me lo ha pasado el portero / y he corrido,"¿Y cómo has marcado? ¿De penalti? - No, me lo ha pasado el portero y he corrido","¿Y cómo marcaste? ¿De penal? - No, me lo pasó el portero y corrí","And how did you score? A penalty kick? - No, the keeper passed it to me and I ran",Both
166,BCN_H12_037,22,I,"yo he jugado toda la vida y <ruido = ""chasquido boca""/> ¿sabes? lo echo de menos",Yo he jugado toda la vida y lo echo de menos,Yo jugué toda la vida y lo extraño,I played it all my life and I miss it,Both
167,BCN_H12_037,26,E,¿y tenéis bastantes cambios o sois pocos?,¿Y vosotros tenéis bastantes cambios o sois pocos?,¿Y ustedes tienen bastantes cambios o son pocos?,And do you (plural) have many subs or are you just a few players?,Grammaticalrammar
168,BCN_H12_037,26,I,yo me he hecho daño en la mano y un rato no he jugado,Me he hecho daño en la mano y he dejado de jugar,Me lastimé la mano y dejé de jugar un rato,I hurt my hand and didn't play for a while,Grammaticalrammar
169,BCN_H12_037,"(82, 83)",B,pero donde estoy yo no me hacemos tiritas ¿eh? 83 E: ¿y tú te puedes coger muestras y todo eso?,"Donde trabajo yo, hacemos tiritas. - ¿Y tú puedes coger muestras y todo eso?","Donde trabajo yo, hacemos curitas. - ¿Y tú puedes agarrar muestras y todo eso?","Where I work, we make bandages. - And can you take samples and all that?",Lexical
170,BCN_H12_037,166,E,"¿y habéis planeado ya algo? ¿habéis  buscado  166 I:  <ruido = ""tos""/> 167 E: un hotel?",¿Y vosotros habéis planeado ya algo? ¿Habéis  buscado un hotel?,¿Y ustedes ya planearon algo? ¿Buscaron un hotel?,And have you (plural) planned something already? Did you look for a hotel?,Grammaticalrammar
171,BCN_H12_037,170,E,¿y el billete? ¿tenéis algo?,¿Y el billete de avión? ¿Vosotros tenéis algo?,¿Y el boleto de avión? ¿Ustedes tienen algo?,And the plane ticket? Do you (plural) have anything?,Both
172,BCN_H12_037,172,E, ¿y cómo os lo montaréis? ¿qué tenéis pensado hacer?,¿Y vosotros cómo os lo montaréis? ¿Qué tenéis pensado hacer?,¿Y ustedes cómo se organizan? ¿Qué tienen pensado hacer?,And how are you guys going to organize? What are you planning on doing?,?
173,BCN_H12_037,175,I,jolín 175 I: y bueno pero bueno playa y salir pues normal ¿sabes? pasa que en Ibiza es una pasta salir de fiesta,"Jolín, aquí cuesta una pasta salir de fiesta","Chín, aquí cuesta una lana salir de fiesta","Wow, going out partying here costs a fortune",Lexical
174,BCN_H12_037,189,E,yo a este le he hecho de canguro,Yo a este le he hecho de canguro,Yo a este le hice de nana,I babysat this one,Both
175,BCN_H12_037,261,I, yo trabajaba de camarero con mi hermana,Yo trabajaba de camarero con mi hermana,Yo trabajaba de mesero con mi hermana,I was working as a waiter with my sister,Lexical
176,BCN_H12_037,245,E,¿todos os conocéis?  ¿hacéis vida de pueblo?,¿Todos vosotros os conocéis? ¿Hacéis vida de pueblo?,¿Todos ustedes se conocen? ¿Hacen vida de pueblo?,Do you all know each other? Do you live a small-town life?,Grammaticalrammar
177,MONR_H12_016,5,E,¿y qué tal / cómo vas en la escuela?,¿Y qué tal? ¿Cómo vas en el colegio?,¿Y qué tal? ¿Cómo vas en la escuela?,How are you? How is school going?,Lexical
178,MONR_H12_016,14,E,¿cómo  celebran ustedes las  / por ejemplo  la cuaresma?,¿Cómo celebráis vosotros la cuaresma?,¿Cómo celebran ustedes la cuaresma?,How do you (plural) celebrate lent?,Grammaticalrammar
179,MONR_H12_016,62,B,ya estás por salir / de la escuela y / este / ¿qué? / ¿qué expectativas tienes tú saliendo? / ¿qué planes tienes o qué esperas? 62 I: yo le / eh // pues no sé / expectativas como que / muy oscuras / da <ruido = “expresión de broma”/> <risas = “I”/> / no pues / eh / yo no / a como yo veo las cosas yo / siento que no / no voy a trabajar / en lo que estudié,Ya estás por salir del colegio ¿Qué planes tienes o qué esperas? - Yo siento que no voy a trabajar de lo que he estudiado,Ya estás por salir de la escuela ¿Qué planes tienes o qué esperas? - Yo siento que no voy a trabajar en lo que estudié,You're almost done with school. What plans do you have or what are you expecting? - I don't feel like I'll be working in what I studied,Both
180,MONR_H12_016,63,I,mi papá tiene un negocio / muy distinto a / a lo que / a lo que yo estoy estudiando // y ahorita / tiene oportunidades muy muy / muy grandes / y ocupa gente / ,Mi papá ahora tiene oportunidades muy grandes y necesita gente,Mi papá ahorita tiene oportunidades muy grandes y ocupa gente,My dad has big opportunities now and he needs people,Lexical
181,BARC_H13_002,89,I,es una universidad pública pero realmente la gente era era muy pija,"Es una universidad pública, pero realmente la gente era muy pija","Es una universidad pública, pero realmente la gente era muy fresa","It's a public university, but the people were very posh",Lexical
182,BARC_H13_002,101,E,y os vais al patio con  el bocadillo,Y vosotros os vais al patio con el bocadillo,Y ustedes se van al patio con la torta,And you (plural) go to the yard with your sandwtich,Both
183,BARC_H13_002,102,I,con el bocata con el papel de plata y todo,Con el bocata con el papel de plata y todo,Con la torta con el papel aluminio y todo,With the sandwitch with tinfoil and everyhting ,Lexical
184,BARC_H13_002,138,I,la gente era muy maja<alargamiento> en la clase o sea muy buen rollo y tal ,"La gente era muy maja en la clase, o sea, muy buen rollo y tal ","La gente era muy linda en la calle, o sea, muy buena onda y así","The people were very nice in class, I mean, good vibes and such",Lexical
185,BARC_H13_002,160,I,"y pero también<alargamiento> <ruido = ""chasquido boca""/> a Francia me da un poco de pereza",Ir de viaje me da un poco de pereza,Ir de viaje me da un poco de flojera,I'm a bit lazy about travelling ,Lexical
186,BARC_H13_002,230,I,las clases con usted han sido muy  bonitas,Las clases con usted han sido muy bonitas,Las clases con usted fueron muy lindas,Your classes were very nice,Both
187,BARC_H13_002,263,I,¡ostras! y yo qué he hecho con el día,¡Ostras! ¿Y yo qué he hecho con el día?,¡Órale! ¿Y yo qué hice con el día?,Wow! And what did I do with the day?,Both
188,BARC_H13_002,"(275, 276)",I,cuando llego yo pues me miro la nevera 276 E: sí 276 I: eso sí para ver de qué dispongo,"Cuando llego a mi piso, pues miro en la nevera para ver que tengo","Cuando llego a mi apartamento, pues miro en el refrigerador para ver que tengo","When I get to my apartment, I look in the fridge to see what's available to me",Lexical
189,BARC_H13_002,258,B,"entonces no te gusta mucho cocinar ¿no? 285 I: <tiempo = ""26:04""/> mmm sí que me gusta pero me me da un poco de pereza o sea a ver cuando me pongo pues realmente <ruido = ""chasquido boca""/> a veces hago bizcochos y eso","Entonces no te gusta mucho cocinar ¿no? - Sí que me gusta, pero me da un poco de pereza. A veces hago bizcochos y eso","Entonces no te gusta mucho cocinar ¿no? - Sí que me gusta, pero me da un poco de flojera. A veces hago pastel y eso","You don't really like cooking then, no? - I do like it, it's just that I'm a little lazy. Sometimes I make cakes and stuff",Lexical
190,BARC_H13_002,320,I,"lengua = ""catalán""> Hospitalet </lengua> que realmente tiene zonas bastante chungas",La ciudad realmente tiene zonas bastante chungas,La ciudad realmente tiene zonas bastante gachas,The city has some really rough areas,Lexical
191,BARC_H13_002,331,I,está muy bien  el piso 331 E:  es grande ¿no? y 331 I: sí lo ha comprado lo compró mi madre,Está muy bien el piso. Lo ha comprado mi madre,Está muy bien el apartamento. Lo compró mi madre,It's a good apartment. My mother bought it,Both
192,MONR_H13_025,42,E,cada cuando viene / los visita?,¿Cada cuanto os visita a vosotros?,¿Cada cuanto los visita a ustedes?,How often does she visits you (plural)?,Grammaticalrammar
193,MONR_H13_025,45,E,¿y qué hacen normalmente ustedes cuando / en navidad / las navidades? ,¿Y qué hacéis vosotros normalmente en navidad? ,¿Y qué hacen ustedes normalmente en navidad? ,And what do you (plural) usually do on Christmas?,Grammaticalrammar
194,MONR_H13_025,"(49, 50)",E,los invitan  ustedes  49 I:  y ahí  cenamos / pero ahora con eh / las navidades pasadas no ha venido mi hermana pero ahora va / va a <ininteligible/> de que va a regresar / y / pues  va a ser más ema <palabra_cortada/> / más emotivo verla <ininteligible/> 50 E: qué padre,¿Vosotros los invitais? ¡Que guay!,¿Ustedes los invitan? ¡Que padre!,You invite them? How cool!,Both
195,MONR_H13_025,104,I, en aquel entonces yo no sabía manejar pues  digo estaba / estaba chavo <observación_complementaria = “chico” />,"En aquel entonces yo no sabía conducir, porque era pequeño","En aquel entonces yo no sabía manejar, porque estaba chico","Back then I didn't know how to drive, because I was little",Lexical
196,MONR_H13_025,234,I, me gusta escucharla en / el carro,Me gusta escuchar la radio en el coche,Me gusta escuchar la radio en el carro,I like to listen to the radio in the car,Lexical
197,MONR_H13_025,"(296, 298)",B,¿usas internet? 296 I: sí 297 E: ¿dónde lo usas? 297 I: en la casa / en el eventual trabajo ora con la / con la cuestión de la investigación en la maestría 298 E: sí 298 I: para estudiar también / o para hacer tareas,"¿Usas el ordenador?- Sí, para estudiar o para hacer los deberes ","¿Usas la computadora?- Sí, para estudiar o para hacer la tarea","Do you use the computer? - Yes, to study or to do homework",Lexical
198,MONR_H13_025,314,E,¿envías y mensajes / y recibes / por celular?,¿Envías y recibes mensajes por el móvil?,¿Envías y recibes mensajes por celular?,Do you send and receive messages by mobile phone?,Lexical
199,MONR_H13_025,"(332, 333)",B, ¿y dónde trabajas ahorita? 332 I: pues no es un lugar fijo / como músico / pues ¿pues cómo podríamos ponerle así? / es que a veces toco  en hoteles  333 E:  es independiente  333 I: porque a veces toco en hoteles / a veces en antros / a veces en / eventos privados,"¿Y dónde trabajas ahora? - Pues como músico, veces toco  en hoteles , a veces en clubs, y a veces en eventos privados","¿Y dónde trabajas ahorita? - Pues como músico, veces toco  en hoteles , a veces en antros , y a veces en eventos privados","And where do you work now? - Well, as a musician, sometimes I play at hotels, sometimes at clubs, and sometimes at private events",Lexical
200,MONR_H13_025,347,E,¿cuántos focos ah / hay en tu casa?,¿Cuántas bombillas hay en tu casa?,¿Cuántos focos hay en tu casa?,How many lightbulbs are there in your house?,Lexical
